<?xml version="1.0" encoding="UTF-8"?>
<project-private xmlns="http://www.netbeans.org/ns/project-private/1">
    <editor-bookmarks xmlns="http://www.netbeans.org/ns/editor-bookmarks/2" lastBookmarkId="0"/>
    <open-files xmlns="http://www.netbeans.org/ns/projectui-open-files/2">
        <group>
            <file>file:/C:/Users/Admin/Documents/NetBeansProjects/Visa_Processing_Information/web/ADMIN/viewnewapplicant.jsp</file>
            <file>file:/C:/Users/Admin/Documents/NetBeansProjects/Visa_Processing_Information/web/USER/myvisa.jsp</file>
            <file>file:/C:/Users/Admin/Documents/NetBeansProjects/Visa_Processing_Information/web/ADMIN/verifyvisa.jsp</file>
            <file>file:/C:/Users/Admin/Documents/NetBeansProjects/Visa_Processing_Information/web/ADMIN/addvisaprocessor.jsp</file>
            <file>file:/C:/Users/Admin/Documents/NetBeansProjects/Visa_Processing_Information/web/footer.jsp</file>
            <file>file:/C:/Users/Admin/Documents/NetBeansProjects/Visa_Processing_Information/web/ADMIN/yesrenual.jsp</file>
            <file>file:/C:/Users/Admin/Documents/NetBeansProjects/Visa_Processing_Information/web/Userreg.jsp</file>
            <file>file:/C:/Users/Admin/Documents/NetBeansProjects/Visa_Processing_Information/web/ADMIN/renuwalvisa.jsp</file>
            <file>file:/C:/Users/Admin/Documents/NetBeansProjects/Visa_Processing_Information/src/java/Connection/hello.java</file>
            <file>file:/C:/Users/Admin/Documents/NetBeansProjects/Visa_Processing_Information/web/VISA_PROCESS/verification.jsp</file>
            <file>file:/C:/Users/Admin/Documents/NetBeansProjects/Visa_Processing_Information/web/contact.html</file>
            <file>file:/C:/Users/Admin/Documents/NetBeansProjects/Visa_Processing_Information/web/USER/statusofrenuwal.jsp</file>
            <file>file:/C:/Users/Admin/Documents/NetBeansProjects/Visa_Processing_Information/web/VISA_PROCESS/viewapplcant.jsp</file>
            <file>file:/C:/Users/Admin/Documents/NetBeansProjects/Visa_Processing_Information/web/USER/renuwalvisa.jsp</file>
        </group>
    </open-files>
</project-private>
